H,K,L,Distance,2theta/TOF,Mult
3,-11,-4,4.438,20.007063072989364,8
5,11,2,4.437,20.011618614401268,8
-9,9,-3,4.4342,20.02438523178337,8
4,-10,-6,4.4302,20.042651687220626,8
-6,-7,9,4.4288,20.049052863597268,8
9,2,-10,4.4284,20.050882526139187,8
-2,4,12,4.4283,20.05133999422859,8
-11,3,-8,4.4275,20.055000494506743,8
8,-10,0,4.4272,20.056373528506555,4
3,-9,-8,4.4253,20.06507380121885,8
12,-7,0,4.4222,20.079285284290073,4
2,-6,-11,4.4213,20.083414989991994,8
7,5,10,4.4211,20.084332934283157,8
-6,-8,-8,4.4202,20.08846472768389,4
11,-8,0,4.4183,20.09719301719898,4
0,-10,-7,4.4179,20.099031523490446,4
-4,-3,12,4.4174,20.101330131929256,8
10,8,4,4.4163,20.106388931379385,8
10,6,-7,4.4154,20.110529853389217,8
-8,-10,-1,4.414,20.116974696847763,8
-6,4,11,4.413,20.12158069943564,8
12,6,-4,4.4128,20.122502154403684,8
10,3,-9,4.4122,20.125267028420723,8
-8,-4,10,4.4113,20.12941577188988,8
12,7,1,4.4089,20.140487499067806,8
0,11,5,4.4086,20.141872325924904,4
1,-10,-7,4.4079,20.14510433321693,8
9,-6,8,4.4067,20.150647343734114,8
-5,-2,12,4.4053,20.15711806632753,8
11,-8,-1,4.4051,20.15804279632498,8
-9,-7,7,4.4029,20.168220458673144,8
1,11,-5,4.3987,20.187679259191885,8
7,-9,6,4.3964,20.198351273449525,8
4,8,9,4.3951,20.20438830067772,8
-7,-3,-11,4.3924,20.216938341510392,8
8,-9,-5,4.3923,20.217403458856335,8
-10,5,-8,4.3884,20.235559832548212,8
-10,-7,6,4.3854,20.249548598780926,8
5,5,11,4.3832,20.25981939154517,1
-8,0,11,4.3828,20.26168793389598,4
0,12,0,4.3818,20.26636080611983,2
-6,-11,0,4.3803,20.273374178845724,4
-6,-6,-10,4.3801,20.27430966394591,1
-3,4,12,4.3788,20.280392433390805,8
2,10,7,4.3784,20.282264793075182,8
-11,6,6,4.3782,20.283201103266318,4
4,-7,10,4.3775,20.286478873474827,8
-11,5,-7,4.3774,20.286947213307702,8
6,-10,-5,4.3765,20.291163250333522,8
8,-10,2,4.3748,20.299131684525907,8
-8,-7,8,4.3746,20.300069561059946,8
-1,12,0,4.3721,20.311800373693373,4
-3,6,-11,4.372,20.31226988972468,8
-5,11,3,4.3713,20.315557113086122,8
12,-7,2,4.3699,20.322134769956115,8
2,11,5,4.3694,20.324484971046967,8
0,12,1,4.3689,20.326835718719643,4
-4,-11,-4,4.3687,20.327776170874568,4
8,-1,11,4.3677,20.332479744335448,8
6,11,1,4.3675,20.333420721650853,8
11,-8,2,4.3662,20.339539209262828,8
7,-10,4,4.3661,20.34001001549994,8
10,9,0,4.3643,20.348488276545954,4
1,12,1,4.3593,20.372076330494878,4
-6,0,12,4.3588,20.374438160298837,4
4,-9,-8,4.3565,20.385309672969317,8
-6,-9,-7,4.3553,20.390986398426033,8
9,-5,9,4.3542,20.396192856601772,4
8,-6,-9,4.3528,20.40282312534673,8
-9,-3,10,4.3519,20.407087730103203,8
10,9,-1,4.3516,20.408509663375447,8
-11,0,-9,4.3444,20.442695932977863,4
6,1,12,4.3439,20.44507425609639,8
2,12,0,4.3433,20.447928978404814,4
-9,-9,4,4.3432,20.448404843386754,1
5,10,-6,4.3421,20.453640828357756,8
8,-8,-7,4.341,20.458879510099163,8
12,0,-8,4.3399,20.464120890706447,4
0,12,-2,4.331,20.506627940490073,4
2,12,1,4.3307,20.508063856001336,8
0,5,12,4.3306,20.508542539438398,4
-3,10,7,4.3305,20.509021245344755,8
5,3,12,4.33,20.511415111971797,8
11,1,9,4.3296,20.513330609883194,8
6,-11,-2,4.3295,20.51380954057011,8
12,-1,8,4.3252,20.53442485374276,8
11,7,5,4.3239,20.540665594644988,8
8,2,-11,4.3232,20.54402757370412,8
12,-5,6,4.3223,20.548351744581062,8
-3,11,-5,4.3218,20.55075485272523,8
-1,12,-2,4.3216,20.551716254240826,8
-1,-5,12,4.3212,20.553639328641903,8
-10,9,2,4.3141,20.587834219300117,8
4,-4,12,4.3121,20.59748724571906,8
-8,-10,3,4.3118,20.598935984799482,8
5,8,-9,4.309,20.61246743805097,8
0,-8,-10,4.3074,20.62020772616407,4
12,-7,-3,4.3071,20.621659680994814,8
4,6,11,4.3057,20.62843818974921,8
10,0,10,4.3051,20.631344636877326,4
-11,8,-3,4.3036,20.638614359054372,8
-7,7,-9,4.3033,20.64006892173179,8
-10,-8,5,4.3017,20.64783007263046,8
6,-2,12,4.3001,20.655597094997237,8
12,-6,5,4.2985,20.663369995534968,8
-1,8,10,4.2981,20.66531413992008,8
3,12,0,4.2965,20.673094397613028,4
7,-8,8,4.2954,20.67844674293868,8
0,-9,-9,4.2952,20.679420196073814,4
2,12,-2,4.2937,20.686724033356498,8
2,-5,12,4.2934,20.68818542343701,8
12,4,7,4.2927,20.691596141210592,8
-5,7,10,4.2925,20.692570839727296,8
-10,-1,-10,4.2908,20.70085950692494,4
7,-4,-11,4.2889,20.710131217006904,8
-11,2,-9,4.2862,20.72332118143631,8
-1,-9,9,4.286,20.72429888796978,8
-3,12,1,4.2844,20.73212388130126,8
5,-11,-4,4.2841,20.73359172913453,8
12,2,8,4.2819,20.744362336530237,8
6,-5,-11,4.2795,20.756124931445573,8
-8,5,-10,4.2779,20.76397411670708,8
5,9,8,4.2727,20.789525250134076,8
2,8,-10,4.2708,20.798877023014704,8
0,-11,6,4.2705,20.80035439222856,4
0,12,-3,4.2698,20.8038024080051,4
6,11,-3,4.2685,20.810208916777384,8
0,-7,11,4.2667,20.819086021053046,4
-4,-10,7,4.266,20.822540285505518,8
-9,-10,0,4.2654,20.825502001227832,4
1,11,-6,4.2615,20.844773825642942,8
1,12,3,4.2608,20.848236668636712,8
2,9,-9,4.2589,20.85764164910984,8
-7,11,0,4.2588,20.858136884478384,4
-7,-6,-10,4.2586,20.859127426171824,8
-4,11,-5,4.2577,20.863586034909634,8
-8,9,-6,4.2556,20.873996913594333,8
7,-10,-5,4.2553,20.8754850350307,8
10,-9,3,4.2536,20.883921755446615,8
-9,10,1,4.2535,20.884418246699397,8
8,-3,-11,4.2519,20.892365336833915,8
9,-4,-10,4.2512,20.895844101800044,8
10,2,10,4.2486,20.908775435761346,4
-3,12,-2,4.2485,20.90927311622033,8
-3,5,12,4.2482,20.910766300571826,8
7,11,-1,4.247,20.91674118342212,8
-6,10,-6,4.2412,20.945668260757294,4
-7,0,12,4.239,20.956661661705485,4
7,-9,-7,4.2358,20.97267279735576,8
-2,11,6,4.2348,20.977681324617873,8
-2,12,3,4.2342,20.98068759599801,8
-9,9,5,4.2341,20.981188725483047,8
4,12,0,4.2335,20.98419600808214,4
0,-10,-8,4.2315,20.994226548409543,4
2,7,11,4.2311,20.996233813928875,8
5,4,12,4.2308,20.99773951642671,8
6,3,12,4.23,21.001755785164892,8
10,-6,-8,4.2294,21.004769000936477,8
8,-10,-4,4.2281,21.011300619340425,8
-3,8,10,4.2263,21.02035114641434,8
10,-7,-7,4.226,21.021860330062662,4
-9,0,-11,4.2257,21.02336973168596,4
7,-1,12,4.2253,21.02538260633797,8
-5,-6,11,4.2247,21.028402645303974,8
12,-7,-4,4.2236,21.03394165034023,8
-1,10,-8,4.2227,21.03847574699988,8
4,12,-1,4.2219,21.04250770597765,8
-11,8,4,4.2203,21.050576288846106,8
-11,6,7,4.2195,21.05461291454674,8
9,-10,2,4.2185,21.05966088685201,8
-9,7,8,4.2183,21.06067077347867,8
11,3,9,4.2168,21.068248029471967,8
3,-9,-9,4.2148,21.07835957220253,4
12,3,-8,4.2127,21.08898720407884,8
7,-11,2,4.2121,21.09202565045691,8
-6,-8,9,4.2104,21.10063936616941,8
12,8,0,4.2047,21.12957236054881,4
-9,-6,-9,4.1987,21.160114489750537,4
-2,-10,8,4.1968,21.16980468745247,8
11,-5,8,4.1959,21.174397897643278,8
-6,7,-10,4.1949,21.179503816474654,8
-11,-7,-6,4.1933,21.187678440542584,8
-3,11,6,4.1914,21.197394054543658,8
3,12,3,4.1908,21.200464005471712,4
0,12,-4,4.1884,21.21275275890961,4
9,-8,7,4.1881,21.21428986074552,8
-3,7,-11,4.1879,21.21531471979297,8
-4,12,2,4.1876,21.21685219513592,8
4,-5,12,4.1873,21.218389894648833,8
6,-11,4,4.1872,21.218902510977202,8
7,-2,12,4.185,21.230186376954563,8
10,5,9,4.1829,21.24096860698869,8
10,-3,10,4.1809,21.251247644714127,4
-1,12,4,4.1799,21.25639091724106,8
-5,11,5,4.1793,21.259478082988945,8
0,-6,12,4.1775,21.268744994782825,4
6,-9,8,4.1765,21.27389679146816,8
11,9,0,4.1749,21.282144890151482,4
10,-9,-4,4.1732,21.290915547281344,8
-10,-8,6,4.1731,21.291431694754046,8
9,2,11,4.1721,21.29659455438508,8
8,7,-9,4.171,21.30227660984815,8
12,-6,6,4.1701,21.306927833418282,8
12,-5,-7,4.1694,21.310546864571315,8
-1,6,12,4.1691,21.312098256533307,8
-4,8,10,4.1663,21.32658887954394,8
7,-5,-11,4.166,21.328142622065855,8
8,8,8,4.1638,21.339543696438454,1
-11,-9,1,4.1637,21.340062218438888,8
-9,-10,-3,4.1619,21.349399951021574,8
12,-8,2,4.1597,21.3608239049888,8
8,4,11,4.1578,21.370699949140594,8
-5,12,0,4.1564,21.37798291487473,4
7,11,3,4.1558,21.38110571479207,8
-4,-9,-9,4.1553,21.383708749228756,4
-2,12,4,4.1547,21.386833232311993,8
-3,10,-8,4.1545,21.3878749308013,8
5,12,-1,4.1454,21.43538044719401,8
-2,-6,12,4.1441,21.442184285847603,8
12,0,-9,4.1408,21.459475099419574,4
-6,4,12,4.1373,21.47784452395481,8
-4,-11,6,4.1328,21.501508896531274,8
-4,12,3,4.1323,21.50414151008728,8
6,-6,-11,4.1316,21.50782825884875,8
9,5,10,4.1314,21.508881849243732,8
11,-9,-2,4.1308,21.51204324360971,8
-7,-10,-6,4.1307,21.51257023357155,8
-8,11,0,4.1304,21.514151359325748,4
-8,-6,-10,4.1302,21.51520557307176,8
-4,-7,-11,4.1295,21.51889613985868,8
12,-1,-9,4.128,21.52680878811514,8
-8,-10,-5,4.1272,21.531031261443832,8
11,4,9,4.1249,21.54318016061385,8
12,-7,-5,4.1231,21.552697620479172,8
11,0,-10,4.123,21.553226616325016,4
0,11,-7,4.1228,21.55428468639723,4
12,4,8,4.1211,21.563282503593516,8
-7,-3,12,4.1202,21.56804911436306,8
-11,8,-5,4.12,21.56910864913935,8
8,-11,-1,4.1196,21.571228032923965,8
1,11,7,4.1147,21.597224533369836,8
-3,12,4,4.1138,21.602006255270886,8
5,12,-2,4.113,21.606258463513804,8
5,5,12,4.1126,21.608385199298,1
8,0,12,4.1124,21.609448725160856,4
-9,-9,-6,4.1113,21.615300000688954,1
11,1,10,4.1104,21.62008977980434,8
8,9,7,4.1095,21.62488169514169,8
-9,-3,-11,4.108,21.63287297177088,8
12,8,3,4.1055,21.64620497969938,8
-10,-10,0,4.104,21.65421212347054,1
3,-6,12,4.1034,21.657416650086898,8
7,-8,9,4.1022,21.663828567005858,8
-8,-1,12,4.0999,21.676128757904046,8
4,10,8,4.0975,21.68897873192767,8
-6,-10,-7,4.0965,21.694337413144428,8
10,-10,-1,4.0934,21.710966269354234,8
5,-8,-10,4.0928,21.71418772074636,8
10,4,-10,4.0913,21.722245559092006,8
2,11,-7,4.0907,21.725470379515386,8
12,2,-9,4.0904,21.72708315103386,8
0,12,-5,4.0903,21.727620795080362,4
6,-11,5,4.0891,21.734074612548923,8
-8,-11,-2,4.0878,21.74107060287354,8
-9,10,-4,4.0864,21.748609816144082,8
-1,12,-5,4.0824,21.770179444753573,8
5,9,-9,4.0823,21.770719237058024,8
0,9,-10,4.0809,21.778279158435783,4
-7,-11,-4,4.0806,21.779899828969675,8
-11,-9,-3,4.0777,21.79557883290653,8
10,-9,-5,4.0761,21.804239044992972,8
11,-2,-10,4.0732,21.819953342699502,8
-1,-9,-10,4.073,21.8210379275374,8
7,9,8,4.0707,21.833518455653238,8
0,8,-11,4.0704,21.835147409794544,4
10,0,-11,4.0685,21.845469801854506,4
6,12,0,4.0677,21.849819010826103,4
8,2,12,4.063,21.875405847527656,8
1,-8,-11,4.0626,21.877586235345717,8
-10,-10,-2,4.0621,21.880312335257248,1
10,7,8,4.062,21.880857637278773,8
5,11,-6,4.061,21.886312162154095,8
5,12,3,4.0605,21.889040450910706,8
2,12,-5,4.0589,21.897775576440797,8
-4,12,4,4.0584,21.90050674208492,8
5,-7,11,4.0578,21.903785045936306,8
-6,12,-1,4.0574,21.90597113057752,8
10,1,11,4.0564,21.91143826374236,8
11,-6,-8,4.0563,21.911985128095942,8
-11,-7,7,4.0533,21.928403841445814,8
3,11,7,4.0515,21.93826695976127,8
2,-9,-10,4.0497,21.948139010706925,8
-4,6,12,4.0484,21.95527438749686,8
0,-10,-9,4.0464,21.966261011362345,4
8,-5,-11,4.0456,21.970658759775358,8
10,-6,-9,4.0445,21.976708558055414,8
2,8,11,4.0395,22.004249951234613,8
1,10,9,4.0387,22.008663022101956,8
-8,-11,3,4.0363,22.021912929420985,8
10,-8,7,4.035,22.029096668335995,8
9,-7,-9,4.0348,22.030202277593038,8
-7,4,12,4.0345,22.031860900901727,8
12,-8,4,4.033,22.040157788978725,8
12,-6,7,4.0323,22.044031822620052,8
12,-3,9,4.0299,22.05732463512768,8
-7,6,-11,4.0292,22.061204745052923,8
-9,8,-8,4.0283,22.066195476936798,8
-5,-10,8,4.0275,22.07063359117058,8
6,12,2,4.0269,22.073963356077762,8
6,5,12,4.0266,22.075628617734285,8
9,-4,11,4.0229,22.096187655146846,8
3,12,-5,4.0207,22.108430227737347,8
2,-10,-9,4.016,22.13463061030371,8
-11,5,-9,4.0152,22.139096475523324,8
11,3,10,4.0134,22.149151306432728,8
8,10,-6,4.0132,22.15026907729558,8
-3,9,10,4.0117,22.15865597936093,8
-10,10,-3,4.0116,22.159215333444376,8
12,-7,6,4.0094,22.171528317969237,8
-1,-7,12,4.0085,22.176569418283034,8
6,8,-10,4.008,22.17937102661414,8
-11,9,-4,4.0066,22.187219321431066,8
-8,3,12,4.0037,22.20349429980327,8
-3,-8,-11,4.0018,22.21417025273713,8
4,-11,-7,3.9986,22.232174180632764,8
6,9,-9,3.9982,22.23442673708239,8
9,-11,0,3.9981,22.234989947980353,4
-9,-6,-10,3.9979,22.23611645593439,8
7,10,7,3.9966,22.24344155892515,4
9,10,5,3.9952,22.2513355656128,8
12,-9,0,3.9933,22.262057884988202,4
-5,12,4,3.9903,22.27900905534324,8
-7,11,5,3.9897,22.282402407803417,8
9,-11,-1,3.9883,22.290324277766896,8
-8,8,9,3.9871,22.297118965869934,8
2,-7,12,3.9863,22.301651074758745,8
10,5,-10,3.9842,22.31355668830053,8
12,9,-1,3.9835,22.31752806988422,8
-9,0,12,3.9817,22.327746730683717,4
5,6,12,3.9809,22.332291381696542,8
0,12,6,3.9793,22.341386272521454,4
-9,9,-7,3.9791,22.342523658175836,8
-3,-10,-9,3.9789,22.343661160401716,8
-6,-11,-6,3.9782,22.34764333645331,4
-6,12,3,3.9777,22.35048862276893,8
6,-7,11,3.9752,22.36472600042055,8
8,7,10,3.9739,22.372136654619826,8
-1,12,6,3.972,22.382976507312343,8
-9,-1,12,3.9703,22.392684289307702,8
0,-11,-8,3.9701,22.39382693859311,4
7,12,0,3.9698,22.395541132627642,4
4,12,-5,3.9689,22.400685300071224,8
8,11,4,3.9673,22.409836362520654,8
-10,-9,6,3.9662,22.41613208486242,8
10,3,-11,3.9632,22.43332034857584,8
1,11,8,3.9629,22.435040634393424,8
7,12,1,3.9603,22.449960910522467,8
9,-11,2,3.9594,22.455130276866054,8
-8,9,-8,3.9582,22.46202649416442,4
12,9,2,3.9547,22.482164837708552,8
-4,-8,-11,3.9507,22.50522464345989,8
-2,12,-6,3.9503,22.507533243352942,8
-3,-7,12,3.95,22.509265006186773,8
12,4,-9,3.9495,22.512151873789136,8
12,0,-10,3.9478,22.521972801849863,4
-6,10,-8,3.9466,22.52891041667083,8
11,10,0,3.9453,22.53643102302784,4
12,-8,5,3.9452,22.53700974057394,8
10,-10,-4,3.9438,22.545114928980404,8
2,-11,-8,3.9414,22.559023200106285,8
-9,2,12,3.9368,22.585729063411694,8
12,1,10,3.9367,22.586310332601336,8
11,10,1,3.9359,22.590961570650293,8
-11,4,-10,3.934,22.6020159939534,8
-5,-11,7,3.9334,22.605509127510786,8
-7,12,2,3.9319,22.614246718754316,8
7,5,12,3.9316,22.615995053059983,8
-4,10,9,3.9287,22.632909659334114,8
8,-4,12,3.9248,22.65569708971112,8
-9,5,-11,3.921,22.6779447049236,8
-11,-9,-5,3.9205,22.680875297935334,8
8,-6,11,3.9199,22.684393016256813,8
-3,12,-6,3.9151,22.712574360170255,8
7,8,10,3.9143,22.717278105942167,8
11,0,11,3.9138,22.720218943246312,4
9,11,3,3.9125,22.72786870899323,8
-6,12,-4,3.9116,22.733167739457045,8
11,-10,2,3.908,22.754388762067904,8
11,-7,8,3.9079,22.75497880432685,8
3,11,8,3.9064,22.763833136723136,8
5,12,-5,3.9052,22.77092159930912,8
7,-9,-9,3.9051,22.771512505155922,4
12,2,-10,3.904,22.778014507936714,8
11,-1,11,3.903,22.783928664447572,4
6,-6,12,3.9027,22.785703514404343,8
4,-7,12,3.9009,22.796358463412105,8
-10,7,9,3.8974,22.817105166927277,8
-5,-9,-10,3.897,22.819478639937362,8
-11,-6,9,3.8923,22.847404234619596,8
9,-10,6,3.8915,22.852164382465162,8
8,-10,-7,3.8899,22.86169067203859,8
12,6,8,3.8891,22.866456816300257,8
5,-8,-11,3.8879,22.873609785603783,8
10,-4,11,3.8866,22.88136392218359,8
-7,-11,6,3.8865,22.88196061348963,8
7,12,3,3.886,22.88494454010179,8
11,-8,7,3.8839,22.89748559347689,8
-7,-7,-11,3.8837,22.898680701354305,1
8,11,-5,3.8836,22.899278302399534,8
9,-3,12,3.8828,22.90406024164722,8
0,-9,-11,3.8777,22.93459244110632,4
-11,2,-11,3.8711,22.97422658274912,4
1,-9,-11,3.871,22.97482816088335,8
9,-8,9,3.8676,22.995300709745315,4
4,12,-6,3.8672,22.997711660540816,8
-5,-10,9,3.8669,22.99952020774025,8
0,-10,-10,3.8657,23.00675726172305,4
8,12,0,3.8652,23.00977405460624,4
-10,-11,0,3.8642,23.015810031012535,4
10,-6,-10,3.8641,23.016413804041374,8
11,-10,-3,3.8629,23.023661569233543,8
10,-10,-5,3.8616,23.031518503543,8
0,12,-7,3.859,23.047248582851136,4
-4,-11,-8,3.8588,23.04845948519449,8
6,-11,7,3.858,23.053304376142844,8
7,-10,8,3.857,23.059363374909,8
8,12,-1,3.8564,23.063000313862847,8
9,7,-10,3.8556,23.06785136326066,8
-10,-11,-1,3.8554,23.069064446721942,8
12,-5,9,3.8529,23.084238837633208,8
1,12,-7,3.8524,23.087276128461887,8
12,-3,10,3.8513,23.093961002221793,8
0,-8,12,3.8511,23.095176852665432,4
2,9,-11,3.8509,23.096392832037896,8
-9,-11,4,3.8496,23.104299842025753,8
-10,0,12,3.8494,23.105516789023028,4
-10,9,-7,3.847,23.120130229064085,8
12,9,-4,3.8453,23.13049268354549,8
12,8,-6,3.8452,23.13110253100842,8
1,8,12,3.8444,23.13598247678999,8
-9,9,-8,3.8413,23.154911868054526,8
-5,-7,12,3.8404,23.16041334191122,8
10,1,12,3.8392,23.16775273697874,8
-2,-10,-10,3.8391,23.16836456469102,4
-11,5,-10,3.8385,23.172036214480077,8
-2,12,-7,3.8326,23.208203292728175,8
6,12,5,3.8313,23.216187601521778,8
8,12,2,3.8302,23.222947877730157,8
-8,5,12,3.83,23.22417744486813,8
-10,11,2,3.8292,23.229097024956797,8
-2,8,12,3.8248,23.256192279863296,8
7,12,4,3.8243,23.2592753146826,8
-6,9,10,3.8236,23.263592946737674,8
-11,9,-6,3.8224,23.270998358807276,8
11,3,11,3.8197,23.287677909410913,4
3,-9,-11,3.8182,23.296954735903995,8
0,-11,9,3.816,23.310574221020392,4
6,-8,11,3.815,23.316770199267637,8
8,-8,-10,3.8139,23.32358960802299,8
-9,-4,12,3.8107,23.343450750886404,8
1,11,-9,3.8096,23.350285889309898,8
-10,-2,12,3.8088,23.355259431786422,8
-5,12,6,3.8082,23.358990989246827,8
-3,-10,-10,3.8067,23.3683251392756,4
-9,-6,11,3.8063,23.37081551501234,8
8,9,-9,3.8054,23.37642081558708,8
11,10,-4,3.8024,23.395124725255524,8
3,12,7,3.8004,23.407610755364143,8
5,11,8,3.8002,23.40886009672089,8
-6,10,-9,3.7951,23.440763749022455,8
10,-5,11,3.7945,23.44452287940163,8
-3,-8,12,3.7928,23.45518034674377,8
12,-10,0,3.791,23.466475366703953,4
2,-11,9,3.7905,23.46961481708677,8
8,-11,6,3.7882,23.484067193552093,8
8,12,-3,3.7877,23.48721138723617,8
-10,11,-3,3.7868,23.492873073456778,8
8,-7,11,3.7856,23.50042626661793,8
12,10,1,3.7826,23.519330670204912,8
12,-4,10,3.781,23.52942555093852,8
9,10,-7,3.7788,23.54332027320412,8
-7,-11,-7,3.7742,23.572426356845444,4
-4,-9,11,3.7738,23.574960746955604,8
-9,-11,5,3.773,23.580031174409612,8
-6,7,12,3.7701,23.598429905809194,8
12,-9,5,3.7689,23.60605163680871,8
-10,10,6,3.7677,23.613678328835974,8
12,0,11,3.763,23.643597399177693,4
4,10,-10,3.7627,23.64550972035111,8
8,10,-8,3.7609,23.656990194620196,8
11,-7,-9,3.7607,23.658266496136985,8
-10,-3,12,3.7598,23.664011570155164,8
-3,11,9,3.7593,23.667204492651695,8
12,10,2,3.7579,23.67614929507595,8
12,-7,-8,3.7578,23.67678847017196,8
4,12,7,3.7566,23.684461283956338,8
-9,12,0,3.7561,23.687659768465892,4
11,-8,-8,3.7554,23.69213910910968,4
12,-1,-11,3.7534,23.704946634182743,8
-11,-4,11,3.751,23.72033408975066,8
7,12,5,3.7492,23.731887894857497,8
-9,12,1,3.748,23.739596733040504,8
10,-8,9,3.7461,23.75181271724847,8
12,-6,-9,3.7439,23.765973374004297,8
-7,9,10,3.742,23.778216728590277,8
-6,12,-6,3.7396,23.793700195831814,4
12,-8,-7,3.7364,23.81437644765011,8
10,7,10,3.7352,23.82213937876473,4
-7,-8,11,3.7339,23.83055497685295,8
0,12,-8,3.7329,23.837032591288313,4
6,11,8,3.732,23.842865478448825,8
-11,11,0,3.7309,23.849998469598134,4
11,6,10,3.7307,23.85129583907798,8
-8,12,-4,3.7306,23.85194457714599,8
10,11,-4,3.7297,23.85778482013083,8
-11,-10,-5,3.7285,23.865576294544653,8
-1,12,8,3.7269,23.875972906390256,8
12,2,-11,3.725,23.888330742616027,8
9,12,-2,3.724,23.89484004526486,8
-9,5,12,3.7237,23.896793533070714,8
-11,11,-1,3.7229,23.90200440754345,8
10,9,-8,3.7221,23.90721757217575,8
-5,-9,11,3.7189,23.928093162753534,8
12,-10,3,3.7177,23.93593098232171,8
11,0,12,3.7176,23.936584367482503,4
4,-11,-9,3.7169,23.941159070141648,8
11,-9,-7,3.7154,23.950967939552875,8
-7,-10,-9,3.7153,23.951622152128277,8
2,12,8,3.709,23.992910266523772,8
5,-10,10,3.7083,23.99750668998625,8
-5,12,7,3.7024,24.036318597825993,8
-9,9,-9,3.7012,24.04422803122414,4
11,11,-2,3.6994,24.056102020752707,1
12,5,10,3.6959,24.079224195259087,8
5,8,12,3.6954,24.082531019790654,8
10,-4,12,3.6943,24.089809256274286,8
0,10,11,3.6917,24.10702999531438,4
10,-6,11,3.6902,24.11697632713707,8
0,9,12,3.6866,24.14088130106262,4
-1,-10,11,3.6858,24.146200004046495,8
9,-11,-6,3.6853,24.149525392854656,8
9,12,3,3.6849,24.152186368524138,8
8,-11,-7,3.684,24.15817572489303,8
9,-7,-11,3.6829,24.16550011570422,8
12,-9,6,3.6815,24.17482854301452,8
-11,-2,12,3.6809,24.178828662487216,8
1,-9,12,3.6808,24.179495478762053,8
-3,12,8,3.6798,24.186165680561977,8
12,-3,11,3.6791,24.190837028817604,8
2,-10,11,3.6685,24.26179750225551,8
-11,5,11,3.668,24.265155057374802,8
10,-10,7,3.6652,24.28397468646699,8
5,11,-9,3.6644,24.289357128153025,8
2,-9,12,3.6636,24.294741974948575,8
0,11,-10,3.6634,24.29608856263624,4
-7,12,6,3.6631,24.29810872626252,8
11,-11,3,3.661,24.312259356973183,8
8,12,-5,3.6607,24.314282231723503,8
9,-10,8,3.6602,24.31765444363258,8
10,-11,-5,3.6599,24.31967822331339,8
-1,11,-10,3.6577,24.334529653680335,8
7,11,8,3.656,24.346018285652065,8
6,9,-11,3.6549,24.353457933886713,8
-8,-9,10,3.654,24.35954832807215,8
-8,-8,-11,3.6465,24.41042125792387,1
-6,-10,-10,3.6449,24.421301879163032,4
-10,12,0,3.6445,24.424023562170625,4
11,10,6,3.6438,24.42878797896703,8
2,11,-10,3.6408,24.44922814574823,8
3,10,-11,3.6402,24.453320316873377,8
-4,12,8,3.64,24.454684680746595,8
6,12,-7,3.6393,24.45946116296564,8
10,12,-1,3.6371,24.474485215097538,8
11,3,12,3.6367,24.477218859816645,8
3,-9,12,3.6354,24.48610745746862,8
-6,8,12,3.6326,24.505274246515253,8
-9,12,-4,3.6322,24.508014828415664,8
-8,-10,-9,3.6291,24.52927530578886,8
12,-7,-9,3.6263,24.548510299772122,8
-9,-6,12,3.6251,24.556763180041145,8
11,8,-9,3.6242,24.562956511729514,8
12,-8,8,3.6216,24.580866060032417,8
12,-4,11,3.6177,24.607779797077466,8
-10,12,2,3.6151,24.625755317087027,8
-10,-5,12,3.6149,24.627139145929416,8
-11,7,10,3.6143,24.631291573255414,8
3,11,-10,3.6131,24.639600663920948,8
11,-11,-4,3.6093,24.66595010526645,8
-8,-7,12,3.6072,24.680536025246976,8
0,12,9,3.604,24.702795657539912,4
6,11,-9,3.6032,24.70836689146315,8
11,9,8,3.6025,24.71324379961116,8
4,10,11,3.6017,24.718819785877937,8
10,-8,10,3.6014,24.720911434727817,4
12,-11,0,3.5996,24.733468825328963,4
12,-6,-10,3.5994,24.734864884861153,8
1,12,9,3.5985,24.741149119317758,8
12,-10,5,3.5974,24.748834223216775,8
4,-9,12,3.597,24.75162999988249,8
-10,-9,9,3.5942,24.771218280440674,8
12,11,-1,3.5924,24.78382725988505,8
-5,12,-8,3.5906,24.79644918662287,8
-9,-11,7,3.5892,24.80627520484367,8
12,0,12,3.5876,24.817514557606206,4
12,9,-7,3.5857,24.830874632271765,8
7,9,11,3.5835,24.846362320818063,8
2,12,-9,3.5824,24.854113471606176,8
-8,12,6,3.5805,24.86751331321592,8
-10,-11,6,3.5797,24.87315971076158,8
10,12,3,3.5793,24.87598387906158,8
10,7,-11,3.5775,24.88870064193834,8
11,-4,12,3.5773,24.89011442479071,8
-4,11,10,3.5754,24.903553442746272,8
-7,10,-10,3.574,24.91346524327679,8
8,11,-8,3.5738,24.914881864181815,8
11,-6,-11,3.5736,24.91629864752148,8
12,-11,2,3.5712,24.93331272776014,8
-7,12,7,3.5687,24.951060657704293,8
-9,12,-5,3.5676,24.958877819786387,8
7,-8,12,3.5624,24.995898632292068,8
9,-9,10,3.5614,25.00303071780178,8
10,10,-8,3.5566,25.037321930773047,1
-3,12,9,3.5561,25.040899387015347,8
12,2,12,3.5547,25.05092175063314,4
-9,8,11,3.5544,25.053070452506322,8
-5,-10,-11,3.5538,25.057368971437793,8
11,-10,-7,3.5508,25.078883895111606,8
5,-9,12,3.5494,25.088936947175064,8
-11,-11,-5,3.546,25.113385369742304,1
12,-5,11,3.543,25.13499744214071,8
9,-10,9,3.5384,25.168208901477296,4
12,-11,-3,3.5367,25.180505110135186,8
7,11,-9,3.5346,25.19571128188062,8
-6,12,8,3.533,25.207309372969508,8
11,12,0,3.532,25.21456364935712,4
10,12,-4,3.531,25.2218221374537,8
-5,-11,10,3.5286,25.239259714809624,8
0,10,12,3.5257,25.26036258935949,4
-11,12,-1,3.5252,25.264004613304227,8
-10,6,12,3.5244,25.269834055027324,8
12,10,-6,3.5212,25.293178976664485,8
1,10,12,3.5206,25.29756099294495,8
-4,12,9,3.5201,25.30121384303618,8
-9,-7,12,3.518,25.316567437837012,8
12,3,12,3.5147,25.340732520271487,4
0,-11,-11,3.5143,25.343664782970215,4
1,11,11,3.5092,25.381111212396323,4
8,-9,-11,3.506,25.40466404585286,8
2,-10,12,3.5055,25.408348159061024,8
11,12,2,3.5052,25.410559144306788,8
-11,-5,12,3.505,25.4120333500846,8
12,-8,-9,3.5035,25.423095394820788,8
-6,10,-11,3.4979,25.46447965907824,8
8,10,-10,3.4971,25.47040279249642,8
12,-7,10,3.4946,25.488930510292516,8
-2,-11,11,3.4943,25.491155663552245,8
-6,9,12,3.4936,25.496349212006542,8
9,12,-6,3.4932,25.499317912434645,8
-11,8,-10,3.4927,25.503029768671617,8
-8,12,-7,3.4921,25.507485435157882,8
-10,-11,-7,3.4914,25.51268569786184,8
12,-11,4,3.4901,25.522349004788275,8
-9,11,8,3.4871,25.54467714826738,8
8,-8,12,3.4862,25.551383277380303,8
12,-9,8,3.4839,25.568537309226368,8
-3,-10,12,3.4808,25.591694753762365,8
-5,12,9,3.4754,25.632134736354473,8
0,12,10,3.4745,25.638887270651935,4
-6,-11,10,3.4738,25.644141723420596,8
11,-11,6,3.4729,25.650900641476877,8
11,12,-3,3.4726,25.653154412881356,8
-10,12,-5,3.4716,25.6606698703846,8
11,-7,11,3.4709,25.665933334154413,4
3,11,-11,3.4698,25.674208893638497,8
-1,12,-10,3.4697,25.674961484175025,8
-7,12,8,3.4683,25.685502426884952,8
10,-9,-10,3.4658,25.704347271077495,8
12,4,12,3.461,25.740607677384286,4
8,11,9,3.4602,25.746661114353874,8
10,8,11,3.4594,25.752717424220567,8
12,6,11,3.4577,25.765596631028604,8
-2,12,-10,3.4552,25.784560266403574,8
11,-10,-8,3.4518,25.810396049102703,8
4,-10,12,3.447,25.846959143831644,8
10,-10,9,3.4446,25.865279910269553,8
12,-10,-7,3.437,25.923468931215293,8
-4,-11,-11,3.4364,25.928074053465824,4
-7,-10,-11,3.4351,25.938057483481728,8
12,11,5,3.4327,25.95650882461074,8
3,12,10,3.4316,25.964974543842246,8
-7,-9,12,3.431,25.969594557661598,8
11,12,4,3.4283,25.990405164446553,8
-10,7,12,3.4258,26.009704272661466,8
9,-9,11,3.4239,26.02439094661305,8
-6,12,-9,3.423,26.031353634816774,8
11,6,12,3.4224,26.03599751576029,8
12,12,0,3.42,26.054589769740147,1
9,10,-10,3.4156,26.088745248079572,8
12,12,-1,3.4138,26.102744001645508,1
7,11,-10,3.4123,26.114421214575955,8
-9,12,-7,3.411,26.12454999672877,8
-9,8,12,3.4055,26.167490411149007,8
-5,10,12,3.405,26.1714011496101,8
10,12,6,3.4029,26.187839140117937,8
-4,12,10,3.3992,26.216852070044723,8
8,12,8,3.3979,26.227061208972657,4
-10,-11,8,3.3972,26.232561761783835,8
12,12,-2,3.3956,26.245143201313187,1
12,5,12,3.3955,26.24592994567123,4
5,-11,-11,3.3947,26.25222561454309,4
-11,-11,7,3.3921,26.27270760509125,1
12,8,-10,3.3842,26.335139709192813,8
9,-11,9,3.3812,26.358926624494057,4
12,-9,9,3.3783,26.381961902296386,8
11,12,5,3.3739,26.4169896795447,8
0,-11,12,3.3701,26.4473165775034,4
11,-9,10,3.3686,26.45930707639513,8
-8,10,-11,3.3667,26.474510803975917,8
12,-11,6,3.3662,26.478514716422062,8
12,12,-3,3.3659,26.480917650678425,1
1,-11,12,3.3657,26.482519851419962,8
12,7,-11,3.3644,26.492938928014453,8
-7,12,-9,3.3641,26.495344505548132,8
8,-9,12,3.3628,26.50577377213525,8
-11,-8,11,3.3627,26.506576366676907,8
-5,12,10,3.3589,26.53711135475508,8
6,-10,12,3.3557,26.562880160428723,8
2,11,12,3.3525,26.58869953118421,8
-11,-10,-9,3.3491,26.616188185171534,8
12,-10,-8,3.3471,26.632384799105726,8
0,12,-11,3.3465,26.637247664128626,4
6,-11,11,3.3459,26.642112322087584,8
-8,11,10,3.3451,26.648601323441902,8
1,12,-11,3.3422,26.67215072536331,8
-10,-9,-11,3.3387,26.700628431827308,8
11,-7,12,3.3318,26.756950386054793,8
10,-10,10,3.331,26.763495989518383,4
3,11,12,3.3309,26.764314417282435,8
-2,12,-11,3.3293,26.77741613731484,8
-10,12,7,3.3268,26.797913519502526,8
12,12,4,3.3256,26.807763520007594,1
-9,12,-8,3.323,26.829130286565956,8
10,-8,12,3.3217,26.839826570026307,8
12,6,12,3.3202,26.852179140147662,4
6,12,10,3.3116,26.923222714831365,8
-11,12,6,3.3108,26.929850720070593,8
3,12,-11,3.3081,26.952244584005882,8
-11,11,-8,3.3055,26.973844615364662,8
4,11,12,3.3013,27.008810914958925,8
7,-10,12,3.3001,27.018818105110952,8
-8,12,9,3.2997,27.022155499315264,8
-10,-11,9,3.2991,27.027163151846754,8
9,-10,-11,3.2938,27.071478943434926,8
12,11,-7,3.2925,27.082371275303394,8
-7,-11,11,3.2908,27.096628455835784,8
9,9,12,3.2902,27.101664021599795,1
4,12,-11,3.2791,27.19516407983156,8
12,12,-5,3.2759,27.22224015827292,1
9,11,-10,3.2737,27.240886568110557,8
12,-9,10,3.271,27.26380608647709,8
12,-8,11,3.2656,27.309762172661287,8
5,11,12,3.2643,27.320849052888256,8
7,12,-10,3.2581,27.373850265044545,8
12,10,9,3.2532,27.415885487103544,8
11,-9,11,3.2516,27.429639528322344,4
-10,12,8,3.245,27.486522597546152,8
11,-10,-10,3.2445,27.49084163303703,4
5,12,-11,3.2429,27.50467176453089,8
11,12,7,3.2405,27.525443336750804,8
-8,10,12,3.2393,27.535841011427134,8
12,7,12,3.2373,27.553188113616795,4
-11,-8,12,3.2358,27.566212936055848,8
9,12,9,3.2311,27.607104717454312,4
-8,-11,-11,3.2305,27.61233376765638,4
0,12,12,3.2214,27.691887070423153,4
6,-11,12,3.2208,27.697148619648992,8
12,12,-6,3.218,27.72172924783716,1
10,10,11,3.2178,27.72348669373332,1
1,12,12,3.2175,27.726123284712834,4
-11,-11,9,3.215,27.748114594995467,1
-10,9,12,3.2144,27.753397754797398,8
12,11,-8,3.2131,27.76485157654555,8
-2,12,12,3.206,27.827575985894274,4
-6,12,-11,3.2002,27.879028540050285,8
-8,12,-10,3.1995,27.885251335144,8
10,11,-10,3.199,27.889697907514208,8
-3,12,12,3.187,27.99684718163333,4
9,10,12,3.1743,28.111156756183355,8
-7,-11,12,3.1716,28.135580489650238,8
-9,11,11,3.166,28.186374102189816,4
11,12,8,3.1648,28.19728257115109,8
12,9,11,3.1636,28.208199576708918,8
-4,12,12,3.1611,28.23097080049367,4
-10,12,9,3.1592,28.248301796345906,8
12,10,-10,3.157,28.26839615258386,8
12,12,-7,3.1534,28.30134022529162,1
7,12,11,3.1519,28.31508983913286,8
12,8,12,3.149,28.341710751943893,4
-11,-10,-11,3.1395,28.429272649991695,4
-9,12,-10,3.1368,28.454258558263568,8
-11,9,12,3.1364,28.457963950540595,8
12,-11,9,3.1298,28.519244073462865,8
5,12,12,3.1286,28.53041458891573,4
-11,11,-10,3.1221,28.591075611891178,8
-8,11,12,3.1175,28.634162771895397,8
-10,10,12,3.106,28.74245729788965,8
-8,12,11,3.0988,28.810681700271832,8
-10,11,-11,3.0982,28.816381852454885,8
6,12,12,3.0902,28.89260239951771,4
-11,12,-9,3.0851,28.941406180416582,8
12,12,8,3.0835,28.95675154706983,1
10,12,-10,3.0709,29.078173834205273,8
12,10,-11,3.0601,29.18307278818065,8
9,11,12,3.0594,29.18989821641515,8
12,9,12,3.0572,29.211370601077938,4
7,12,12,3.0467,29.3142941973226,4
12,11,10,3.0439,29.341864515206336,8
-9,12,-11,3.0417,29.36356373801148,8
11,10,12,3.0355,29.42489114073891,8
-11,-11,-11,3.0282,29.49743224860499,1
12,12,-9,3.0096,29.68390917888992,1
11,12,10,3.0027,29.75369422651247,8
-8,12,12,2.9986,29.79531819182077,4
10,11,12,2.9981,29.800402348960034,8
-10,12,11,2.9815,29.97019899881651,8
12,-10,12,2.9635,30.1565429909971,4
12,11,11,2.9567,30.22755152870884,4
-9,12,12,2.9468,30.331538927903825,4
-11,-11,12,2.9346,30.46068567762676,1
12,12,10,2.933,30.47770559890668,1
11,12,-11,2.9189,30.62853053542557,8
-10,12,12,2.892,30.920508604728496,4
12,-11,12,2.8694,31.170208452314743,4
12,12,-11,2.8547,31.334828897279994,1
11,12,12,2.8348,31.56051029502219,4
12,12,12,2.7759,32.24822172596448,1
